{
	"hist":[84, 1834,80],
    "bins":[1002,1005,1010],

    "pdpx":[1002, 1005, 1010],
    "pdpy":[ 0, 0.01155176, 0.01247245]
}