{
	"hist":[6.0, 0.0, 44.0, 4.0, 5.0, 3.0, 7.0, 873.0, 293.0, 765.0],
    "bins":[377.0, 2509.8, 4642.6, 6775.400000000001, 8908.2, 11041.0, 13173.800000000001, 15306.600000000002, 17439.4, 19572.2, 21705.0],

    "pdpx":[ 375, 15701, 15704, 15706, 16615, 18993, 19950, 20366, 20634, 21704],
    "pdpy":[ 0, 0.299718, 0.00318562, -0.00526412, 0.02253902, 0.01139859, 0.00410449, 0.01303264, 0.01362263, 0.00504543]
}