{
	"hist":[20, 70, 1909],
    "bins":[216, 300, 320],

    "pdpx":[216, 320, 728],
    "pdpy":[ 0, -0.01081974, -0.01081974]
}