{
	"hist":[6.0, 44.0, 4.0, 5.0, 3.0, 6.0, 784.0, 204.0, 410.0, 534.0],
    "bins":[112.0, 350.5, 589.0, 827.5, 1066.0, 1304.5, 1543.0, 1781.5, 2020.0, 2258.5, 2497.0],

    "pdpx":[ 112, 1722, 1800, 2153, 2161, 2333, 2374, 2497],
    "pdpy":[ 0, 0.00065587, 0.00253141, -0.03421997, -0.03521159, -0.03444564, -0.03120517, -0.03676079]
}