{
	"hist":[20, 1919, 60],
    "bins":[36, 50, 250],

    "pdpx":[ 36, 50, 250],
    "pdpy":[ 0, -0.00098802, 0.02383623]
}