{
	"hist":[1396, 5, 230, 369],
    "bins":[0, 1, 2, 3],

    "pdpx":[  0, 2, 3],
    "pdpy":[ 0, 0.00129338, -0.00606994]
}