{
	"hist":[1706.0, 120.0, 43.0, 72.0, 7.0, 0.0, 43.0, 4.0, 1.0, 4.0],
    "bins":[35.0, 202.6, 370.2, 537.8, 705.4, 873.0, 1040.6, 1208.2, 1375.8, 1543.4, 1711.0],

    "pdpx":[35, 39, 297, 1835],
    "pdpy":[ 0, 0.0025678, 0.0123768, 0.01589452]
}