{
	"hist":[171.0, 163.0, 107.0, 132.0, 788.0, 40.0, 12.0, 83.0, 0.0, 504.0],
    "bins":[13.0, 27.4, 41.8, 56.2, 70.6, 85.0, 99.4, 113.8, 128.2, 142.6, 157.0],

    "pdpx":[13, 32,52,79,157],
    "pdpy":[ 0, -0.03858986, -0.02981499, -0.08582649, -0.0875355]
}