{
	"hist":[1792, 187, 21],
    "bins":[0, 2, 3],

    "pdpx":[  0,  2, 3],
    "pdpy":[ 0, -0.03244139, -0.03844638]

}