{
	"hist":[84, 1836, 70, 10],
    "bins":[0, 1, 4, 5],

    "pdpx":[  0,  1, 4, 5],
    "pdpy":[ 0, -0.00180662, -0.00173265, -0.00180662]
}