{"FNy": [ 0.2630560270, 0.2410462033, 0.2699021573, 0.2196570942, 0.2803644582],
"FNx": [ 0.4369439730, 0.6689537967, 0.4600978427, 0.5803429058, 0.4196355418],
"FPy": [0.8880723217, 0.8440867840, 0.9883645012, 0.9232065000, 0.8770879515, 0.9949893788, 0.5635693399, 0.7083424315],
"FPx": [0.1619276783, 0.1859132160, 0.0116354988, 0.1067935000, 0.1929120485, 0.0050106212, 0.2764306601, 0.2216575685],
"TPy": [0.6848746190, 0.3969139992, 0.5196570942, 0.2969139992, 0.3756100273, 0.2316339498, 0.4943200670, 0.2196570942, 0.3328810512, 0.5316339498, 0.3335728159, 0.2124383096, 0.6410462033, 0.4314376999, 0.3596570942, 0.5374359910],
"TPx": [0.5151253810, 0.5030860008, 0.5803429058, 0.5030860008, 0.5243899727, 0.4683660502, 0.4056799330, 0.5803429058, 0.5271189488, 0.4683660502, 0.5564271841, 0.4675616904, 0.4689537967, 0.5185623001, 0.5803429058, 0.4525640090],
"TNy": [0.9784642087, 0.9736933132, 0.9840834755, 0.9656575271, 0.9650930967, 0.9816757424, 0.9838641094, 0.9519570635, 0.9843056065, 0.9711761435, 0.9867486847, 0.7574574796, 0.8988917382, 0.9193714171, 0.9856590129, 0.9715542476, 0.9506947048, 0.9762691828, 0.9727612234, 0.9189307074, 0.9677241174, 0.9686217215, 0.9851672847, 0.8504520563, 0.910204629, 0.963105349, 0.9584281755, 0.9848575191, 0.9799210401, 0.9034020528, 0.9784927911, 0.9403824013, 0.9825776552, 0.9813841481],
"TNx": [0.1363839797, 0.1875714877, 0.0796099880, 0.0796099880, 0.2516395497, 0.2587686296, 0.3642406936, 0.0796099880, 0.1309777670, 0.0214272718, 0.0796099880, 0.2419745307, 0.1536638053, 0.1627643891, 0.2516395497, 0.2516395497, 0.2147316951, 0.2147316951, 0.0807453733, 0.0544924486, 0.0670120458, 0.1309777670, 0.2147316951, 0.0796099880, 0.1363839797, 0.0796099880, 0.1309777670, 0.0670120458, 0.0070511202, 0.1035893884, 0.1647415575, 0.2247786222, 0.1067935000, 0.2147316951]
}