{"FNy": [0.3697729087, 0.2961579281, 0.3196570942, 0.2316339498, 0.3272594732, 0.2310462033, 0.3981135920, 0.3310462033, 0.3756100273, 0.1756100273, 0.1756100273, 0.2763240336, 0.1861579281, 0.3324383096, 0.1196570942, 0.1848746190, 0.2756100273, 0.1356100273, 0.4196570942, 0.2524383096, 0.2599021573, 0.2969139992, 0.2324383096, 0.4196570942],
"FNx": [0.6302270913, 0.6038420719, 0.5803429058, 0.4683660502, 0.4727405268, 0.4689537967, 0.6018864080, 0.4689537967, 0.5243899727, 0.5243899727, 0.7243899727, 0.4636759664, 0.4038420719, 0.4675616904, 0.7803429058, 0.5151253810, 0.5243899727, 0.5243899727, 0.5803429058, 0.4675616904, 0.6600978427, 0.5030860008, 0.4675616904, 0.5803429058],
"FPy": [0.8880723217, 0.8440867840, 0.9883645012, 0.9232065000, 0.8770879515, 0.9949893788, 0.5635693399, 0.7083424315, 0.7352584425, 0.6707757893, 0.9480927742, 0.7551220754, 0.8320224891, 0.8281368355, 0.8390822650, 0.8140867840, 0.8372356109, 0.8996017258, 0.8636160203, 0.2524383096, 0.2599021573, 0.2969139992, 0.2324383096, 0.4196570942, 0.3697729087, 0.2683391730, 0.3196570942, 0.2310462033, 0.2756100273, 0.3756100273, 0.3324383096, 0.2961579281, 0.2248746190, 0.3648746190, 0.2217660960, 0.3848746190, 0.1924383096, 0.5310462033, 0.3824513223, 0.5542600899, 0.7689575637, 0.6079538695, 0.7788567721, 0.8691406731, 0.8823780019, 0.7844655754, 0.9225177262, 0.5183742707, 0.9464837904, 0.9250635177, 0.9704217278, 0.6423044789, 0.5968584979, 0.7298016795, 0.662178085, 0.8485991058, 0.6461332075, 0.9232717537, 0.6700419054, 0.9456506977, 0.5155314422, 0.6380141221, 0.8693108643, 0.8972290015, 0.9462657841, 0.5534981927, 0.6611815329, 0.8710073519, 0.6979703655, 0.7814975919, 0.8432083322, 0.945761713, 0.6670159861, 0.9135294628, 0.9499042072, 0.8390636666, 0.6938795637, 0.9265228694, 0.7593559193, 0.7111845064, 0.7491782531, 0.7235547707, 0.7944284701, 0.7775238354, 0.7672433073, 0.5483277476, 0.7967331073, 0.6407461566, 0.9622489972, 0.6943936743, 0.8789165704, 0.8321349465, 0.6173024515, 0.7509181355, 0.9321409288, 0.899039201, 0.9144936286, 0.8169459184, 0.8294298341, 0.908324285, 0.6283463408, 0.9800649341, 0.6294176056, 0.8813828728, 0.8291899936, 0.8897556778, 0.7800343676, 0.9120511926, 0.6684510267, 0.6154394551, 0.9062845562, 0.9655960014, 0.8955982064, 0.9128446625, 0.8168127363, 0.9488093641, 0.7073834562, 0.7003898021, 0.815031803, 0.7798863963, 0.972261785, 0.7791282853, 0.9666816164, 0.9171560534, 0.9800306999, 0.7767970669, 0.9192609297, 0.7193584399, 0.8506516689, 0.818905046, 0.7405259754, 0.9429405769, 0.8485726666, 0.8365759461, 0.5046650257, 0.9669678106, 0.8598070296, 0.5824526783, 0.7982487918, 0.8798356072, 0.8482722482, 0.7642544913, 0.9322026664, 0.9555937994, 0.9563527197, 0.9097188959, 0.6132569938, 0.8950819393, 0.5290962265, 0.9795050045, 0.9830204637, 0.9597924626, 0.9654485361, 0.939895692, 0.9055231451, 0.9734839401, 0.9737205824, 0.9498305738, 0.9783531559, 0.9464665887],
"FPx": [0.1619276783, 0.1859132160, 0.0116354988, 0.1067935000, 0.1929120485, 0.0050106212, 0.2764306601, 0.2216575685, 0.1647415575, 0.2192242107, 0.0519072258, 0.2448779246, 0.1679775109, 0.1718631645, 0.1609177350, 0.1859132160, 0.1627643891, 0.1003982742, 0.1363839797, 0.6675616904, 0.6600978427, 0.7030860008, 0.5675616904, 0.7803429058, 0.6302270913, 0.5316608270, 0.5803429058, 0.6689537967, 0.7243899727, 0.5243899727, 0.3675616904, 0.6038420719, 0.8151253810, 0.7151253810, 0.5782339040, 0.8151253810, 0.6675616904, 0.8689537967, 0.6175486777, 0.1627643891, 0.1211657906, 0.1363839797, 0.2380467365, 0.2715961690, 0.2800448949, 0.3704802933, 0.1354210953, 0.1222659238, 0.3084023448, 0.3028382227, 0.0519072258, 0.0723182231, 0.2800448949, 0.1107911234, 0.2963512880, 0.2785833003, 0.1309777670, 0.1309777670, 0.1699801403, 0.1647415575, 0.1647415575, 0.2495666886, 0.2587686296, 0.2495666886, 0.1309777670, 0.2259519907, 0.2147316951, 0.2785833003, 0.1859132160, 0.2247786222, 0.1929120485, 0.0451352725, 0.2147316951, 0.1929120485, 0.0468644694, 0.2424508141, 0.1679775109, 0.1363839797, 0.1647415575, 0.1363839797, 0.0537790179, 0.2587686296, 0.0670120458, 0.2135392801, 0.2587686296, 0.3642406936, 0.3760512598, 0.2247786222, 0.2448779246, 0.2495666886, 0.1003982742, 0.0655415866, 0.2424508141, 0.0776660551, 0.1363839797, 0.0699639278, 0.0409768084, 0.2147316951, 0.0621655270, 0.4675616904, 0.4600978427, 0.5030860008, 0.4675616904, 0.5803429058, 0.6302270913, 0.5316608270, 0.5803429058, 0.4689537967, 0.5243899727, 0.3760512598, 0.1309777670, 0.1225217505, 0.1363839797, 0.1875714877, 0.0796099880, 0.0796099880, 0.2516395497, 0.2587686296, 0.3642406936, 0.1859132160, 0.1664886452, 0.2231929204, 0.1309777670, 0.1859132160, 0.1211272615, 0.1647415575, 0.1158505887, 0.0796099880, 0.1309777670, 0.1035893884, 0.2216575685, 0.3554875437, 0.1211295406, 0.2556851805, 0.2335471524, 0.1679775109, 0.2192242107, 0.1806324041, 0.0544924486, 0.4689537967, 0.4600978427, 0.5803429058, 0.4196355418, 0.0796099880, 0.2587686296, 0.2715961690, 0.2587686296, 0.1948953706, 0.1647415575, 0.0980817889, 0.0468644694, 0.2587686296, 0.1363839797, 0.2402492154, 0.2147316951, 0.2587686296, 0.1929120485, 0.2192242107, 0.2216575685, 0.2380467365, 0.2394365146, 0.1647415575, 0.2516395497, 0.1041556291, 0.1929120485, 0.2820949974, 0.2216575685, 0.2587686296, 0.2335471524, 0.2259519907, 0.2424508141, 0.1859132160, 0.2424508141, 0.3093132580, 0.3171219254, 0.0360117916],
"TPy": [0.6848746190, 0.3969139992, 0.5196570942, 0.2969139992, 0.3756100273, 0.2316339498, 0.4943200670, 0.2196570942],
"TPx": [0.5151253810, 0.5030860008, 0.5803429058, 0.5030860008, 0.5243899727, 0.4683660502, 0.4056799330, 0.5803429058],
"TNy": [0.895742561, 0.9823037021, 0.979402736, 0.9407045894,  0.9851887517, 0.9668210865, 0.9804927265, 0.9758417986, 0.9700076762, 0.9592353883, 0.9695433442, 0.8707640975, 0.9388252372, 0.9750642332, 0.9472204505, 0.9821671382, 0.9799710877, 0.9574491363, 0.9711223493, 0.9693831284, 0.9798176333, 0.9628660487, 0.8544586333, 0.9694966416, 0.9692394027, 0.8988552696, 0.9657549994, 0.9261549609, 0.9334570794, 0.8667314034, 0.9227293301, 0.9795237121, 0.9634226753, 0.9841761943, 0.9184646228, 0.9799579505, 0.9380230291, 0.9715025811, 0.9807691156, 0.9844119021, 0.9784642087, 0.9736933132, 0.9840834755, 0.9656575271, 0.9650930967, 0.9816757424, 0.9838641094, 0.9519570635, 0.9843056065, 0.9711761435, 0.9867486847, 0.7574574796, 0.8988917382, 0.9193714171, 0.9856590129, 0.9715542476, 0.9506947048, 0.9762691828, 0.9727612234, 0.9189307074, 0.9677241174, 0.9686217215, 0.9851672847, 0.8504520563, 0.910204629, 0.963105349, 0.9584281755, 0.9848575191, 0.9799210401, 0.9034020528, 0.9784927911, 0.9403824013, 0.9825776552, 0.9813841481],
"TNx": [0.2147316951, 0.1929120485, 0.0468644694, 0.2424508141, 0.1679775109, 0.1363839797, 0.1647415575, 0.1363839797, 0.0537790179, 0.2587686296, 0.0670120458, 0.2135392801, 0.2587686296, 0.3642406936, 0.3760512598, 0.2247786222, 0.2448779246, 0.2495666886, 0.1003982742, 0.0655415866, 0.2424508141, 0.0776660551, 0.1363839797, 0.0699639278, 0.0409768084, 0.2147316951, 0.0621655270, 0.4675616904, 0.4600978427, 0.5030860008, 0.4675616904, 0.5803429058, 0.6302270913, 0.5316608270, 0.5803429058, 0.4689537967, 0.5243899727, 0.3760512598, 0.1309777670, 0.1225217505, 0.1363839797, 0.1875714877, 0.0796099880, 0.0796099880, 0.2516395497, 0.2587686296, 0.3642406936, 0.0796099880, 0.1309777670, 0.0214272718, 0.0796099880, 0.2419745307, 0.1536638053, 0.1627643891, 0.2516395497, 0.2516395497, 0.2147316951, 0.2147316951, 0.0807453733, 0.0544924486, 0.0670120458, 0.1309777670, 0.2147316951, 0.0796099880, 0.1363839797, 0.0796099880, 0.1309777670, 0.0670120458, 0.0070511202, 0.1035893884, 0.1647415575, 0.2247786222, 0.1067935000, 0.2147316951, 0.1461541395, 0.0360117916, 0.0116354988]
}